{"email": "", "phone": "", "responsible": "", "arr_aim": "", "status": "", "languages": "", "follow": "", "senior": "", "group_name": ""}nullnull{"status": "", "arr_aim": "", "email": "", "senior": "", "phone": "", "group_name": "", "follow": "", "responsible": "", "languages": ""}{"responsible": "", "phone": "", "follow": "", "arr_aim": "", "group_name": "", "status": "", "senior": "", "email": "", "languages": ""}{"brothers": "", "transport": "", "languages": "", "date_dep": "", "sisters": "", "email": "", "status": "", "dinner_persons": "", "nights": "", "dinner": "", "date_arr": "", "breakfast_persons": "", "group_name": "", "follow": "", "excursions": "", "senior": "", "breakfast": "", "pers_num": "", "clerics": "", "lunch": "", "phone": "", "meal": "", "arr_aim": "", "responsible": "", "lunch_persons": "", "children": ""}{"email": "", "children": 10, "senior": "", "transport": "", "breakfast": "", "date_dep": "", "languages": "", "lunch_persons": "", "clerics": null, "status": "", "breakfast_persons": "", "brothers": 12, "dinner_persons": "", "date_arr": "", "sisters": 14, "follow": "", "group_name": "", "arr_aim": "", "meal": "", "phone": "", "responsible": "", "lunch": "", "dinner": "", "excursions": ""}{"senior": "", "meal": "", "breakfast": "", "lunch_persons": "", "responsible": "", "languages": "", "phone": "", "brothers": null, "clerics": null, "breakfast_persons": "", "arr_aim": "", "status": "", "lunch": "", "children": 11, "date_arr": "", "sisters": 12, "excursions": "", "date_dep": "", "dinner_persons": "", "group_name": "", "transport": "", "email": "", "follow": "", "dinner": ""}{"children": null, "date_arr": "16 May, 2017", "sisters": 4, "excursions": "", "breakfast": "", "date_dep": "1 June, 2017", "dinner_persons": "", "lunch_persons": "", "meal": "", "transport": "", "brothers": 11, "clerics": 1, "breakfast_persons": "", "dinner": "", "lunch": ""}